{"Name":"Player","Pos":{"X":-32.004844665527347,"Y":1.0800000429153443,"Z":1.5871014595031739},"Rot":{"X":0.0,"Y":0.0,"Z":0.0,"W":0.0},"Scale":{"X":0.0,"Y":0.0,"Z":0.0},"IsEnable":true}
{"Name":"Bot(Clone)","Pos":{"X":45.70045852661133,"Y":1.0120667219161988,"Z":25.20453643798828},"Rot":{"X":0.0,"Y":0.0,"Z":0.0,"W":0.0},"Scale":{"X":0.0,"Y":0.0,"Z":0.0},"IsEnable":true}
{"Name":"Bot(Clone)","Pos":{"X":72.0298843383789,"Y":1.0120667219161988,"Z":-35.26885986328125},"Rot":{"X":0.0,"Y":0.0,"Z":0.0,"W":0.0},"Scale":{"X":0.0,"Y":0.0,"Z":0.0},"IsEnable":true}
{"Name":"Bot(Clone)","Pos":{"X":-2.2867822647094728,"Y":1.0120667219161988,"Z":-32.035274505615237},"Rot":{"X":0.0,"Y":0.0,"Z":0.0,"W":0.0},"Scale":{"X":0.0,"Y":0.0,"Z":0.0},"IsEnable":true}
{"Name":"Bot(Clone)","Pos":{"X":-0.27371010184288027,"Y":1.0120667219161988,"Z":20.489397048950197},"Rot":{"X":0.0,"Y":0.0,"Z":0.0,"W":0.0},"Scale":{"X":0.0,"Y":0.0,"Z":0.0},"IsEnable":true}
