{"Name":"Player","Pos":{"X":702.0,"Y":148.07203674316407,"Z":681.0},"Rot":{"X":0.0,"Y":0.0,"Z":0.0,"W":0.0},"Scale":{"X":0.0,"Y":0.0,"Z":0.0},"IsEnable":true}
{"Name":"Wolf(Clone)","Pos":{"X":771.7135620117188,"Y":129.79977416992188,"Z":736.590087890625},"Rot":{"X":0.0,"Y":0.0,"Z":0.0,"W":0.0},"Scale":{"X":0.0,"Y":0.0,"Z":0.0},"IsEnable":true}
{"Name":"Wolf(Clone)","Pos":{"X":716.9922485351563,"Y":147.8077392578125,"Z":671.6193237304688},"Rot":{"X":0.0,"Y":0.0,"Z":0.0,"W":0.0},"Scale":{"X":0.0,"Y":0.0,"Z":0.0},"IsEnable":true}
{"Name":"Wolf(Clone)","Pos":{"X":639.4776611328125,"Y":150.23582458496095,"Z":679.057861328125},"Rot":{"X":0.0,"Y":0.0,"Z":0.0,"W":0.0},"Scale":{"X":0.0,"Y":0.0,"Z":0.0},"IsEnable":true}
{"Name":"Wolf(Clone)","Pos":{"X":731.1002807617188,"Y":144.96888732910157,"Z":678.6376953125},"Rot":{"X":0.0,"Y":0.0,"Z":0.0,"W":0.0},"Scale":{"X":0.0,"Y":0.0,"Z":0.0},"IsEnable":true}
